Stock,Allocation (%)
AAPL,48.377584902013176
AMZN,0.0
GOOGL,0.0
META,51.62241509798683
MSFT,0.0
